{"chunk_definitions":[{"row":35,"row_count":1,"visible":true,"expansion_state":0,"options":{"engine":"r","label":"setup","include":false,"dev":"png"},"document_id":"D7D74AE4","chunk_id":"csetup_chunk","chunk_label":"setup"},{"row":90,"row_count":1,"visible":true,"expansion_state":0,"options":{"engine":"r","echo":false,"label":"unnamed-chunk-412","dev":"png"},"document_id":"D7D74AE4","chunk_id":"cchls0mofsn6b","chunk_label":"unnamed-chunk-1"},{"row":137,"row_count":1,"visible":true,"expansion_state":0,"options":{"engine":"r","echo":false,"label":"unnamed-chunk-413","dev":"png"},"document_id":"D7D74AE4","chunk_id":"crx3h7ngmkj3y","chunk_label":"unnamed-chunk-2"},{"row":186,"row_count":1,"visible":true,"expansion_state":0,"options":{"engine":"r","label":"unnamed-chunk-414","dev":"png"},"document_id":"6D0484EC","chunk_id":"csggabc4wc04o","chunk_label":"unnamed-chunk-3"},{"row":207,"row_count":1,"visible":true,"expansion_state":0,"options":{"engine":"r","label":"unnamed-chunk-415","dev":"png"},"document_id":"6D0484EC","chunk_id":"cevtzfe3jh6w1","chunk_label":"unnamed-chunk-4"},{"row":280,"row_count":1,"visible":true,"expansion_state":0,"options":{"engine":"r","label":"unnamed-chunk-416","dev":"png"},"document_id":"6D0484EC","chunk_id":"c5uszltmnmeed","chunk_label":"unnamed-chunk-5"},{"row":314,"row_count":1,"visible":true,"expansion_state":0,"options":{"engine":"r","label":"unnamed-chunk-417","dev":"png"},"document_id":"6D0484EC","chunk_id":"cmkc0d5fiodpr","chunk_label":"unnamed-chunk-6"},{"row":389,"row_count":1,"visible":true,"expansion_state":0,"options":{"engine":"r","label":"unnamed-chunk-418","dev":"png"},"document_id":"6D0484EC","chunk_id":"cjem9tglr1bwa","chunk_label":"unnamed-chunk-7"},{"row":473,"row_count":1,"visible":true,"expansion_state":0,"options":{"engine":"r","label":"unnamed-chunk-419","dev":"png"},"document_id":"6D0484EC","chunk_id":"cj1rcvsrxal5n","chunk_label":"unnamed-chunk-8"},{"row":488,"row_count":1,"visible":true,"expansion_state":0,"options":{"engine":"r","echo":false,"label":"unnamed-chunk-420","dev":"png"},"document_id":"6D0484EC","chunk_id":"czxvxh4ujkht7","chunk_label":"unnamed-chunk-9"},{"row":537,"row_count":1,"visible":true,"expansion_state":0,"options":{"engine":"r","echo":false,"label":"unnamed-chunk-421","dev":"png"},"document_id":"6D0484EC","chunk_id":"cc6088wwlq50t","chunk_label":"unnamed-chunk-10"},{"row":606,"row_count":1,"visible":true,"expansion_state":0,"options":{"engine":"r","label":"unnamed-chunk-425","dev":"png"},"document_id":"6D0484EC","chunk_id":"cyjcwq2t14ybv","chunk_label":"unnamed-chunk-11"}],"doc_write_time":1722261175,"working_dir":null,"default_chunk_options":{"echo":true},"chunk_rendered_width":400}